{
    "dependencies": {
        "github.com/aws/aws-sdk-go-v2": "v1.4.0",
        "github.com/aws/aws-sdk-go-v2/internal/configsources": "v0.0.0-00010101000000-000000000000",
        "github.com/aws/aws-sdk-go-v2/internal/endpoints/v2": "v2.0.0-00010101000000-000000000000",
        "github.com/aws/aws-sdk-go-v2/service/internal/accept-encoding": "v1.0.5",
        "github.com/aws/aws-sdk-go-v2/service/internal/endpoint-discovery": "v0.0.0-00010101000000-000000000000",
        "github.com/aws/smithy-go": "v1.4.0",
        "github.com/google/go-cmp": "v0.5.4",
        "github.com/jmespath/go-jmespath": "v0.4.0"
    },
    "files": [
        "api_client.go",
        "api_client_test.go",
        "api_op_BatchExecuteStatement.go",
        "api_op_BatchGetItem.go",
        "api_op_BatchWriteItem.go",
        "api_op_CreateBackup.go",
        "api_op_CreateGlobalTable.go",
        "api_op_CreateTable.go",
        "api_op_DeleteBackup.go",
        "api_op_DeleteItem.go",
        "api_op_DeleteTable.go",
        "api_op_DescribeBackup.go",
        "api_op_DescribeContinuousBackups.go",
        "api_op_DescribeContributorInsights.go",
        "api_op_DescribeEndpoints.go",
        "api_op_DescribeExport.go",
        "api_op_DescribeGlobalTable.go",
        "api_op_DescribeGlobalTableSettings.go",
        "api_op_DescribeImport.go",
        "api_op_DescribeKinesisStreamingDestination.go",
        "api_op_DescribeLimits.go",
        "api_op_DescribeTable.go",
        "api_op_DescribeTableReplicaAutoScaling.go",
        "api_op_DescribeTimeToLive.go",
        "api_op_DisableKinesisStreamingDestination.go",
        "api_op_EnableKinesisStreamingDestination.go",
        "api_op_ExecuteStatement.go",
        "api_op_ExecuteTransaction.go",
        "api_op_ExportTableToPointInTime.go",
        "api_op_GetItem.go",
        "api_op_ImportTable.go",
        "api_op_ListBackups.go",
        "api_op_ListContributorInsights.go",
        "api_op_ListExports.go",
        "api_op_ListGlobalTables.go",
        "api_op_ListImports.go",
        "api_op_ListTables.go",
        "api_op_ListTagsOfResource.go",
        "api_op_PutItem.go",
        "api_op_Query.go",
        "api_op_RestoreTableFromBackup.go",
        "api_op_RestoreTableToPointInTime.go",
        "api_op_Scan.go",
        "api_op_TagResource.go",
        "api_op_TransactGetItems.go",
        "api_op_TransactWriteItems.go",
        "api_op_UntagResource.go",
        "api_op_UpdateContinuousBackups.go",
        "api_op_UpdateContributorInsights.go",
        "api_op_UpdateGlobalTable.go",
        "api_op_UpdateGlobalTableSettings.go",
        "api_op_UpdateItem.go",
        "api_op_UpdateTable.go",
        "api_op_UpdateTableReplicaAutoScaling.go",
        "api_op_UpdateTimeToLive.go",
        "deserializers.go",
        "doc.go",
        "endpoints.go",
        "endpoints_config_test.go",
        "endpoints_test.go",
        "generated.json",
        "internal/endpoints/endpoints.go",
        "internal/endpoints/endpoints_test.go",
        "protocol_test.go",
        "serializers.go",
        "types/enums.go",
        "types/errors.go",
        "types/types.go",
        "types/types_exported_test.go",
        "validators.go"
    ],
    "go": "1.15",
    "module": "github.com/aws/aws-sdk-go-v2/service/dynamodb",
    "unstable": false
}
