{
    "swagger": "2.0",
    "info": {
        "contact": {}
    },
    "paths": {
        "/{prefix_name}": {
            "get": {
                "description": "get string by prefix_name",
                "consumes": [
                    "application/json"
                ],
                "produces": [
                    "application/json"
                ],
                "tags": [
                    "GetMatchingPrefixRecord"
                ],
                "summary": "Show an GetMatchingPrefixRecord",
                "parameters": [
                    {
                        "type": "integer",
                        "description": "prefix_name",
                        "name": "prefix_name",
                        "in": "path",
                        "required": true
                    }
                ],
                "responses": {
                    "200": {
                        "description": "OK",
                        "schema": {
                            "type": "Return"
                        }
                    },
                    "400": {
                        "description": "Bad Request"
                    },
                    "404": {
                        "description": "Not Found"
                    },
                    "500": {
                        "description": "Internal Server Error"
                    }
                }
            }
        }
    }
}